,Kingdom,Phylum,Class,Order,Family,Genus,Species
1,NA,NA,NA,NA,NA,NA,NA
2,k__Fungi,p__Basidiomycota,c__Agaricomycetes,o__Russulales,f__Russulaceae,g__Russula,NA
3,k__Fungi,p__Basidiomycota,c__Agaricomycetes,o__Thelephorales,f__Thelephoraceae,g__Tomentella,s__parmastoana
4,k__Fungi,p__Basidiomycota,c__Agaricomycetes,o__Thelephorales,f__Thelephoraceae,g__Tomentella,NA
5,k__Fungi,p__Basidiomycota,c__Agaricomycetes,o__Thelephorales,f__Thelephoraceae,NA,NA
6,k__Fungi,p__Basidiomycota,c__Agaricomycetes,o__Thelephorales,f__Thelephoraceae,NA,NA
7,k__Fungi,p__Basidiomycota,c__Agaricomycetes,o__Russulales,f__Russulaceae,g__Lactarius,NA
8,k__Fungi,p__Basidiomycota,c__Agaricomycetes,o__Thelephorales,f__Thelephoraceae,NA,NA
9,k__Fungi,p__Basidiomycota,c__Agaricomycetes,o__Thelephorales,f__Thelephoraceae,g__Tomentella,NA
10,k__Fungi,p__Basidiomycota,c__Agaricomycetes,o__Thelephorales,f__Thelephoraceae,NA,NA
11,k__Fungi,p__Basidiomycota,c__Agaricomycetes,o__Thelephorales,f__Thelephoraceae,NA,NA
12,k__Fungi,p__Ascomycota,NA,NA,NA,NA,NA
13,k__Fungi,p__Basidiomycota,c__Agaricomycetes,o__Boletales,f__Sclerodermataceae,g__Scleroderma,NA
14,k__Fungi,p__Ascomycota,c__Dothideomycetes,o__Capnodiales,f__Cladosporiaceae,g__Cladosporium,s__sphaerospermum
15,k__Fungi,p__Ascomycota,c__Sordariomycetes,NA,NA,NA,NA
16,k__Fungi,p__Basidiomycota,c__Tremellomycetes,o__Tremellales,f__Tremellaceae,g__Cryptococcus,s__laurentii
17,k__Fungi,p__Basidiomycota,c__Agaricostilbomycetes,o__Agaricostilbales,f__Chionosphaeraceae,g__Kurtzmanomyces,NA
18,k__Fungi,p__Basidiomycota,c__Agaricomycetes,o__Thelephorales,f__Thelephoraceae,g__Tomentella,NA
19,k__Fungi,p__Basidiomycota,c__Agaricomycetes,o__Thelephorales,f__Thelephoraceae,g__Tomentella,NA
20,k__Fungi,p__Ascomycota,c__Saccharomycetes,o__Saccharomycetales,f__Dipodascaceae,g__Yarrowia,s__lipolytica
21,k__Fungi,p__Ascomycota,c__Saccharomycetes,o__Saccharomycetales,f__Dipodascaceae,g__Yarrowia,s__lipolytica
22,NA,NA,NA,NA,NA,NA,NA
23,NA,NA,NA,NA,NA,NA,NA
24,k__Fungi,p__Basidiomycota,c__Agaricomycetes,o__Thelephorales,f__Thelephoraceae,NA,NA
25,k__Fungi,p__Basidiomycota,c__Agaricomycetes,o__Thelephorales,f__Thelephoraceae,g__Tomentella,NA
26,k__Fungi,p__Basidiomycota,c__Agaricomycetes,o__Thelephorales,f__Thelephoraceae,g__Tomentella,NA
27,k__Fungi,p__Basidiomycota,c__Agaricomycetes,o__Thelephorales,f__Thelephoraceae,NA,NA
28,k__Fungi,p__Basidiomycota,c__Agaricomycetes,o__Thelephorales,f__Thelephoraceae,NA,NA
29,k__Fungi,p__Basidiomycota,c__Agaricomycetes,o__Thelephorales,f__Thelephoraceae,NA,NA
30,k__Fungi,p__Ascomycota,c__Pezizomycetes,o__Pezizales,f__Pezizaceae,NA,NA
31,k__Fungi,p__Ascomycota,c__Pezizomycetes,o__Pezizales,f__Pezizaceae,NA,NA
32,k__Fungi,p__Basidiomycota,c__Agaricomycetes,o__Thelephorales,f__Thelephoraceae,g__Tomentella,NA
33,k__Fungi,p__Basidiomycota,c__Agaricomycetes,o__Thelephorales,f__Thelephoraceae,NA,NA
34,k__Fungi,p__Basidiomycota,c__Agaricomycetes,o__Thelephorales,f__Thelephoraceae,g__Tomentella,NA
35,k__Fungi,p__Basidiomycota,c__Agaricomycetes,o__Thelephorales,f__Thelephoraceae,g__Tomentella,NA
36,k__Fungi,p__Basidiomycota,c__Agaricostilbomycetes,o__Agaricostilbales,f__Chionosphaeraceae,g__Kurtzmanomyces,NA
37,k__Fungi,p__Basidiomycota,c__Agaricomycetes,o__Thelephorales,f__Thelephoraceae,NA,NA
38,k__Fungi,p__Basidiomycota,c__Agaricomycetes,o__Thelephorales,f__Thelephoraceae,g__Tomentella,NA
39,k__Fungi,p__Basidiomycota,c__Agaricomycetes,o__Thelephorales,f__Thelephoraceae,NA,NA
40,k__Fungi,p__Basidiomycota,c__Agaricomycetes,o__Thelephorales,f__Thelephoraceae,NA,NA
41,k__Fungi,NA,NA,NA,NA,NA,NA
42,NA,NA,NA,NA,NA,NA,NA
43,k__Fungi,p__Basidiomycota,c__Agaricomycetes,NA,NA,NA,NA
44,k__Fungi,p__Basidiomycota,c__Agaricomycetes,o__Thelephorales,f__Thelephoraceae,g__Tomentella,s__guineensis
45,NA,NA,NA,NA,NA,NA,NA
46,NA,NA,NA,NA,NA,NA,NA
47,NA,NA,NA,NA,NA,NA,NA
48,k__Fungi,NA,NA,NA,NA,NA,NA
49,k__Fungi,p__Basidiomycota,c__Agaricomycetes,o__Thelephorales,f__Thelephoraceae,NA,NA
50,k__Fungi,NA,NA,NA,NA,NA,NA
51,k__Fungi,p__Basidiomycota,c__Agaricomycetes,o__Cantharellales,f__Ceratobasidiaceae,g__Ceratobasidium,NA
52,NA,NA,NA,NA,NA,NA,NA
53,k__Fungi,p__Basidiomycota,NA,NA,NA,NA,NA
54,k__Fungi,p__Ascomycota,NA,NA,NA,NA,NA
55,NA,NA,NA,NA,NA,NA,NA
56,NA,NA,NA,NA,NA,NA,NA
57,k__Fungi,p__Ascomycota,NA,NA,NA,NA,NA
58,k__Fungi,p__Ascomycota,c__Dothideomycetes,o__Pleosporales,f__Cucurbitariaceae,g__Pyrenochaeta,NA
59,k__Fungi,p__Basidiomycota,c__Agaricomycetes,o__Russulales,f__Russulaceae,g__Russula,s__violeipes
60,k__Fungi,p__Basidiomycota,c__Agaricomycetes,o__Russulales,f__Russulaceae,NA,NA
61,k__Fungi,p__Ascomycota,c__Eurotiomycetes,o__Eurotiales,f__Aspergillaceae,g__Penicillium,s__astrolabium
62,k__Fungi,p__Basidiomycota,c__Tremellomycetes,o__Tremellales,f__Tremellaceae,g__Cryptococcus,s__uniguttulatus
63,k__Fungi,p__Basidiomycota,c__Agaricomycetes,o__Polyporales,f__Schizophyllaceae,g__Schizophyllum,s__commune
64,k__Fungi,p__Basidiomycota,c__Tremellomycetes,o__Tremellales,f__Tremellaceae,g__Cryptococcus,s__laurentii
65,k__Fungi,p__Ascomycota,c__Sordariomycetes,o__Sordariales,NA,NA,NA
66,k__Fungi,p__Basidiomycota,NA,NA,NA,NA,NA
67,k__Fungi,p__Ascomycota,c__Dothideomycetes,o__Pleosporales,f__Phaeosphaeriaceae,g__Phaeosphaeria,NA
68,NA,NA,NA,NA,NA,NA,NA
69,k__Fungi,p__Basidiomycota,c__Agaricomycetes,o__Russulales,f__Russulaceae,g__Russula,NA
70,k__Fungi,p__Basidiomycota,c__Tremellomycetes,o__Trichosporonales,f__Trichosporonaceae,g__Vanrija,s__humicola
71,k__Fungi,p__Basidiomycota,c__Agaricomycetes,o__Russulales,f__Stereaceae,g__Lopharia,s__cinerascens
72,k__Fungi,p__Ascomycota,c__Sordariomycetes,o__Hypocreales,f__Nectriaceae,g__Fusarium,s__solani
73,k__Fungi,p__Ascomycota,NA,NA,NA,NA,NA
74,k__Fungi,p__Ascomycota,c__Sordariomycetes,NA,NA,NA,NA
75,k__Fungi,p__Basidiomycota,c__Malasseziomycetes,o__Malasseziales,f__Malasseziaceae,g__Malassezia,s__restricta
76,k__Fungi,p__Ascomycota,c__Saccharomycetes,o__Saccharomycetales,f__Debaryomycetaceae,g__Debaryomyces,s__hansenii
77,k__Fungi,p__Basidiomycota,c__Agaricomycetes,NA,NA,NA,NA
78,k__Fungi,p__Basidiomycota,c__Agaricomycetes,o__Cantharellales,f__Clavulinaceae,g__Clavulina,NA
79,k__Fungi,p__Basidiomycota,c__Agaricomycetes,o__Auriculariales,f__Exidiaceae,NA,NA
80,k__Fungi,p__Basidiomycota,c__Agaricomycetes,o__Agaricales,f__Inocybaceae,g__Inocybe,NA
81,NA,NA,NA,NA,NA,NA,NA
82,k__Fungi,p__Basidiomycota,c__Agaricomycetes,o__Boletales,f__Sclerodermataceae,g__Scleroderma,NA
83,k__Fungi,p__Basidiomycota,c__Agaricomycetes,NA,NA,NA,NA
84,k__Fungi,p__Ascomycota,c__Eurotiomycetes,o__Chaetothyriales,f__Trichomeriaceae,NA,NA
85,k__Fungi,NA,NA,NA,NA,NA,NA
86,k__Fungi,p__Basidiomycota,c__Agaricomycetes,NA,NA,NA,NA
87,k__Fungi,p__Basidiomycota,c__Agaricomycetes,o__Thelephorales,f__Thelephoraceae,g__Tomentella,NA
88,NA,NA,NA,NA,NA,NA,NA
89,k__Fungi,p__Basidiomycota,c__Agaricomycetes,o__Hymenochaetales,f__Hymenochaetaceae,g__Asterodon,s__ferruginosus
90,NA,NA,NA,NA,NA,NA,NA
